Date,PrevOpen,PrevVol,UpperBB,LowerBB,SAR,ADX,MACD,MACDSIGNAL,MACDHIST,MOM,ROC,RSI,ATR,BETA,LINEARREG_ANGLE,STDDEV,PrevIndOpen,PrevIndVol,MACDSIGNAL LESSTHAN= LINEARREG_SLOPE,PrevOpen LESSTHAN= 9MA,SAR LESSTHAN= 20MA,BETA LESSTHAN= MACD,MACDHIST LESSTHAN= BETA,MOM LESSTHAN= MACD,BETA LESSTHAN= MACDSIGNAL,LINEARREG LESSTHAN= PrevHigh,9MA LESSTHAN= PrevLow,PrevOpen LESSTHAN= SAR,PrevIndLow LESSTHAN= SAR,PrevIndLow LESSTHAN= PrevIndClose,SAR LESSTHAN= RSI,MidBB LESSTHAN= PrevLow,PrevAdjClose LESSTHAN= TSF,TSF LESSTHAN= Open,MidBB LESSTHAN= 9MA,MACD LESSTHAN= VAR,MOM LESSTHAN= BETA,PrevOpen LESSTHAN= Open,TSF LESSTHAN= PrevLow,STDDEV LESSTHAN= MACDSIGNAL,VAR LESSTHAN= MOM,PrevHigh LESSTHAN= PrevOpen,LowerBB LESSTHAN= SAR,PrevIndOpen LESSTHAN= PrevIndClose,LINEARREG_SLOPE LESSTHAN= MACD,PrevOpen LESSTHAN= TSF,PrevOpen LESSTHAN= MidBB,PrevOpen LESSTHAN= PrevIndLow,9MA LESSTHAN= PrevHigh,ATR LESSTHAN= MOM,LowerBB LESSTHAN= PrevAdjClose,LINEARREG_ANGLE LESSTHAN= ROC,PrevIndLow LESSTHAN= LINEARREG,BETA LESSTHAN= VAR,LowerBB LESSTHAN= Open,LINEARREG_SLOPE LESSTHAN= MACDHIST,Open LESSTHAN= UpperBB,MACDSIGNAL LESSTHAN= ROC,TSF LESSTHAN= PrevHigh,SAR LESSTHAN= MidBB,MACDSIGNAL LESSTHAN= MOM,PrevAdjClose LESSTHAN= 9MA,PrevOpen LESSTHAN= PrevAdjClose,MOM LESSTHAN= STDDEV,TSF LESSTHAN= PrevIndLow,MACDSIGNAL LESSTHAN= MACDHIST,UpperBB LESSTHAN= PrevHigh,ATR LESSTHAN= VAR,ADX LESSTHAN= SAR,9MA LESSTHAN= 20MA,VAR LESSTHAN= MACDSIGNAL,PrevOpen LESSTHAN= PrevLow,Open LESSTHAN= 9MA,UpperBB LESSTHAN= PrevAdjClose,PrevLow LESSTHAN= LINEARREG,ADX LESSTHAN= ROC,LowerBB LESSTHAN= PrevLow,LINEARREG LESSTHAN= Open,RSI LESSTHAN= LowerBB,PrevAdjClose LESSTHAN= Open,20MA LESSTHAN= MidBB,Open LESSTHAN= PrevAdjClose,LINEARREG LESSTHAN= PrevOpen,BETA LESSTHAN= LINEARREG_SLOPE,Open LESSTHAN= 20MA,Open LESSTHAN= PrevHigh,PrevAdjClose LESSTHAN= LINEARREG,PrevIndHigh LESSTHAN= PrevIndOpen,PrevHigh LESSTHAN= Open,PrevLow LESSTHAN= Open,Open LESSTHAN= PrevLow,Open,Adj Close,Predictions
2019-04-09,25.56999969482422,748200.0,28.457738620129295,22.54726168504649,22.55699977874756,19.616126641913787,-0.34015964279040745,-0.36397365377458407,0.023814010984176626,2.1099987030029297,9.157980117878118,48.001609599230314,1.2610190755935522,0.6809354764960744,2.6010799529842776,0.2849559120745576,114.87999725341797,2737700.0,1,0,1,0,1,0,0,1,1,0,0,1,1,0,0,0,0,1,0,0,1,0,1,0,1,0,0,0,0,1,1,1,1,1,0,0,1,0,1,1,1,1,1,0,0,0,1,1,0,0,1,1,0,0,0,0,0,0,1,1,0,0,0,1,1,0,1,1,0,1,0,0,1,25.020000457763672,24.34000015258789,25.2551653456521
2019-04-10,25.020000457763672,763200.0,28.075442296726646,22.56155797793156,22.68991975402832,19.71827315691621,-0.3772849135627716,-0.3666359057322216,-0.010649007830550006,0.7900009155273438,3.3545687521047585,43.55851410505883,1.2423748559082985,1.1605176879295942,3.2014512763616416,0.4328972287751962,113.83000183105469,2035200.0,1,0,1,0,1,0,0,1,0,0,0,1,1,0,1,0,0,1,1,0,0,0,1,0,1,0,0,1,1,1,1,0,1,1,0,0,1,0,1,1,1,1,1,1,0,0,1,1,0,0,1,1,0,0,1,0,1,0,1,0,0,1,0,0,1,0,1,1,1,0,0,1,0,24.3799991607666,24.739999771118164,24.292363430282798
2019-04-11,24.3799991607666,547300.0,27.66553006612407,22.658470101722607,22.81752293029785,20.029760405617512,-0.3701633195151963,-0.36734138848881653,-0.002821931026379787,1.4599990844726562,6.271473545575024,46.206520394866494,1.2079195254064083,0.9798001474112136,6.246190524321623,0.44422517685481006,112.79000091552734,1290300.0,1,1,1,0,1,0,0,0,0,0,0,1,1,0,1,0,0,1,0,1,0,0,1,0,1,1,0,1,1,1,0,1,1,1,0,0,1,0,1,1,0,1,1,1,1,0,1,1,0,0,1,1,0,0,1,0,1,0,1,0,0,1,0,0,0,0,1,1,1,0,0,1,0,24.760000228881836,23.760000228881836,24.625768367843417
2019-04-12,24.760000228881836,950800.0,27.33341703265223,22.62758321911779,22.9400219795166,20.578380411597585,-0.438541939291472,-0.38158149864934765,-0.056960440642124355,-0.6000003814697266,-2.463055691446747,41.1168319601131,1.2030680871379817,0.8699840053634628,5.628292479547133,0.6562132665500657,113.88999938964844,4255200.0,1,1,1,0,1,1,0,0,0,0,0,1,1,0,1,0,0,1,1,0,0,0,0,0,1,0,0,1,1,1,0,0,1,0,0,0,1,0,1,0,0,1,0,1,0,1,1,1,0,0,1,1,0,0,1,0,1,0,1,0,0,1,0,0,0,0,1,1,1,0,0,1,0,23.8799991607666,23.479999542236328,23.322341457636465
2019-04-15,23.8799991607666,1241100.0,26.93188925472211,22.633110897865784,23.0576210667666,21.491627271679175,-0.5094535401672111,-0.40715590695292037,-0.10229763321429075,-1.3400001525878906,-5.398872558678248,39.7689556927363,1.2342774658887288,0.5450217485323531,1.4352410850847954,0.6134361674361005,112.38999938964844,2850900.0,1,1,1,0,1,1,0,1,0,0,0,1,1,0,1,0,0,1,1,0,0,0,0,0,1,0,0,1,1,1,1,0,1,0,0,0,0,0,1,0,1,1,0,1,0,1,1,1,0,0,1,1,0,0,1,0,1,0,1,0,0,0,1,1,0,0,1,1,1,0,0,0,1,21.75,20.549999237060547,21.738861983754518
2019-04-16,21.75,4025300.0,26.939425073915917,21.932575048154394,25.8799991607666,23.710602339173736,-0.7929375419480706,-0.48431223395195044,-0.3086253079961202,-3.700000762939453,-15.257735104904956,29.040671158974398,1.3646861801782755,0.8551380114784047,-6.688798336476785,1.4788051973284735,111.02999877929688,2408600.0,1,1,0,0,1,1,0,0,0,1,0,1,1,0,1,0,0,1,1,0,0,0,0,0,1,0,0,1,1,1,0,0,0,0,0,1,0,0,1,0,0,0,0,1,0,1,1,1,0,1,1,1,0,0,1,0,1,0,0,0,0,0,1,1,0,0,1,1,1,0,0,1,0,20.530000686645508,21.209999084472656,20.353465463706357
2019-04-17,20.530000686645508,1671100.0,26.90489532902766,21.46010463282537,25.770799179077148,25.96278267919862,-0.9533545066044944,-0.5781206884824592,-0.37523381812203516,-3.5800018310546875,-14.441313831547042,33.3990725671953,1.3707800789469309,0.8588235918074858,-13.303887584280966,1.5952858710131241,111.04000091552734,2448300.0,1,1,0,0,1,1,0,0,0,1,0,1,1,0,1,0,0,1,1,1,0,0,0,0,1,0,0,1,1,1,0,0,0,0,0,1,0,0,1,0,0,0,0,1,1,1,1,1,0,1,0,1,0,0,1,0,1,0,0,0,0,1,1,0,0,0,1,0,1,0,1,1,0,21.389999389648438,20.799999237060547,21.48120619500669
2019-04-18,21.389999389648438,1559400.0,26.99845998893747,20.916539972915558,25.535967196655275,27.938392261157514,-1.1008794153840888,-0.6826724338627852,-0.41820698152130364,-4.480001449584961,-17.721524240114363,32.080851764408855,1.3650101387026745,0.9043997100481063,-17.88278517781315,1.37452571654182,109.69000244140625,7447500.0,1,1,0,0,1,1,0,0,0,1,0,1,1,0,1,0,0,1,1,0,0,0,0,0,1,0,0,1,1,1,0,0,0,1,0,1,0,0,1,0,1,0,0,1,0,1,1,1,0,1,0,1,0,0,1,0,1,0,0,0,0,0,1,1,0,0,1,1,1,0,0,1,0,20.729999542236328,20.8799991607666,20.385206190849395
2019-04-22,20.729999542236328,1227500.0,26.8449308520184,20.54506910983463,25.310528493530274,29.911588834434436,-1.197534214213384,-0.785644789932905,-0.41188942428047903,-4.230001449584961,-16.845883499664872,32.639514269953835,1.3532237547195873,0.9379551379919526,-20.594129685861017,1.0690295982153355,105.52999877929688,6185600.0,1,1,0,0,1,1,0,0,0,1,0,1,1,0,0,0,0,1,1,0,0,0,0,0,1,0,0,1,1,1,0,0,1,1,0,1,1,0,1,0,1,0,0,1,1,1,1,1,0,0,0,1,0,0,1,0,1,0,0,0,0,0,1,1,0,0,1,1,1,0,0,1,0,20.670000076293945,20.31999969482422,20.332765955859017
2019-04-23,20.670000076293945,1096100.0,26.894446025179466,20.043553890897197,24.97989673814209,31.743842795334437,-1.3042861169700473,-0.8893730553403334,-0.41491306162971386,-5.350000381469727,-20.841450586556142,30.733806230234773,1.317993393882683,1.0496082684900496,-24.052630134415036,0.30195345508570937,104.5999984741211,4224200.0,1,1,0,0,1,1,0,1,0,1,0,1,1,0,0,1,0,1,1,0,1,0,0,0,1,0,0,0,1,1,0,0,1,1,0,0,1,1,1,0,1,0,0,1,0,1,1,1,0,0,0,1,0,0,1,0,1,0,1,0,0,0,1,1,1,0,1,1,1,0,0,1,0,20.25,20.829999923706055,19.57651992084947
2019-04-24,20.25,1347600.0,26.969717973809857,19.74728184308467,24.669102888077198,33.50992959309211,-1.332376209225064,-0.9779736861172795,-0.3544025231077844,-4.319999694824219,-17.176937416894766,34.48541967796934,1.2967081841598966,1.2884030705100047,-25.044466038086412,0.28477340106415217,104.80000305175781,4124500.0,1,1,0,0,1,1,0,1,0,1,0,1,1,0,0,1,0,1,1,1,1,0,0,0,1,1,0,0,1,1,0,0,1,1,0,0,1,1,1,0,1,0,0,1,1,1,1,1,0,0,0,1,0,0,1,0,1,0,1,1,0,1,1,1,1,0,1,1,0,0,0,1,0,20.829999923706055,19.8700008392334,20.374307129657765
2019-04-25,20.829999923706055,1187100.0,27.090117792444573,19.258882184667243,24.3769566690162,35.20792470114234,-1.4157814653460434,-1.0655352419630324,-0.35024622338301103,-4.469999313354492,-18.364828616811778,31.073689241803976,1.2826576268248844,1.046066387700739,-25.73611153749317,0.3910493569994389,107.04000091552734,3576100.0,1,1,0,0,1,1,0,1,0,1,0,1,1,0,0,1,0,1,1,0,1,0,0,0,1,0,0,0,1,1,0,0,1,1,0,0,1,1,1,0,1,0,0,1,0,1,1,1,0,0,0,1,0,0,1,0,0,0,1,1,0,0,1,1,1,0,1,1,0,0,0,1,1,19.829999923706055,19.100000381469727,19.431069349678037
2019-04-26,19.829999923706055,1588200.0,27.26380453332846,18.66719541326578,24.10233922309886,37.11313856138724,-1.5264177399593422,-1.1577117415622944,-0.36870599839704776,-5.6399993896484375,-22.797087477068835,28.6273058479627,1.2496107679211677,0.8059497417347128,-26.595264310391816,0.6622080180946703,105.26000213623047,2452900.0,1,1,0,0,1,1,0,1,0,1,0,1,1,0,0,1,0,1,1,0,1,0,0,0,1,1,0,0,1,1,0,0,1,1,0,0,1,1,1,0,1,0,0,1,0,1,1,1,0,0,0,1,0,0,1,0,0,0,1,1,0,1,1,0,1,0,1,1,0,0,0,1,0,19.1299991607666,19.06999969482422,18.93815979795023
2019-04-29,19.1299991607666,1629600.0,27.266264330870406,18.135735524171096,23.698152024215794,39.024207240345774,-1.5980967251014917,-1.2457887382701338,-0.3523079868313579,-4.690000534057617,-19.73905929662667,28.533050759425947,1.1946385375151076,0.7373563751539308,-25.419531235038235,0.6858395605177194,106.52999877929688,1547900.0,1,1,0,0,1,1,0,1,0,1,0,1,1,0,0,1,0,1,1,0,1,0,0,0,1,1,0,0,1,1,0,0,1,1,0,0,1,1,1,0,1,0,0,1,0,1,1,1,0,0,0,1,0,0,1,0,0,0,1,1,0,1,1,1,1,0,1,1,0,0,0,1,0,19.06999969482422,18.809999465942383,18.819314239549517
2019-04-30,19.06999969482422,1047500.0,27.155537556370753,17.64546227578257,23.19633685231179,40.48758750460041,-1.6567843046524224,-1.3279878515465915,-0.32879645310583094,-4.670000076293945,-19.889268174360264,27.68239241341428,1.1521643835118662,0.606207518110303,-24.008505864219387,0.7376070892275927,107.45999908447266,1741000.0,1,1,0,0,1,1,0,1,0,1,0,1,1,0,0,1,0,1,1,0,1,0,0,0,1,0,0,0,1,1,0,0,1,1,0,0,1,1,1,0,1,0,0,1,0,1,1,1,0,0,0,1,0,0,1,0,0,0,1,1,0,0,1,1,1,0,1,1,0,0,0,1,0,18.799999237060547,18.270000457763672,18.80414359823968
2019-05-01,18.799999237060547,1369800.0,27.099584978087428,17.103414899842257,22.74470319759819,42.10604348859314,-1.7269607131621072,-1.4077824238696945,-0.31917828929241265,-2.279998779296875,-11.094884982696495,25.951861400527033,1.143438268925081,0.5569725732204381,-23.259200036031377,0.5172854121586246,107.1500015258789,3892200.0,1,1,0,0,1,1,0,1,0,1,0,1,1,0,0,1,0,1,1,0,1,0,0,0,1,0,0,0,1,1,0,0,1,1,0,0,1,1,1,0,1,0,0,1,0,1,1,1,0,0,0,1,0,0,1,0,0,0,1,1,0,1,1,0,1,0,1,1,0,0,0,1,0,18.280000686645508,17.709999084472656,18.060177088056705
2019-05-02,18.280000686645508,2903200.0,26.93315682120331,16.561842873620908,22.189738914594415,43.781487152754025,-1.8069342400557353,-1.4876127871069027,-0.31932145294883263,-3.5,-16.50165087730847,24.258241695362877,1.1139069313044558,0.48407960957851837,-21.324360938542796,0.5321054751020124,106.25,1519000.0,1,1,0,0,1,1,0,1,0,1,0,1,1,0,0,1,0,1,1,1,1,0,0,0,1,0,0,0,1,1,0,0,1,1,0,0,1,1,1,0,1,0,0,1,0,1,1,1,0,0,0,1,0,0,1,0,1,0,1,1,0,1,1,0,1,0,1,1,1,0,0,1,0,18.31999969482422,18.440000534057617,18.33189912794674
2019-05-03,18.31999969482422,2518100.0,26.515820782217382,16.295178897348045,21.55697547723235,45.50619808754217,-1.790765984634497,-1.5482434266124216,-0.24252255802207534,-2.3599987030029297,-11.346148026765235,30.61495430781048,1.1329135191231805,0.19768474028847036,-18.338937129752903,0.4676751932324511,105.37999725341797,2539300.0,1,1,0,0,1,1,0,1,0,1,0,1,1,0,0,1,0,1,1,1,0,0,0,0,1,1,0,0,1,1,0,0,1,1,0,1,1,1,1,0,1,0,0,1,1,1,1,1,0,0,0,1,0,0,1,0,1,0,1,1,0,0,1,1,1,0,1,1,0,0,0,1,0,18.40999984741211,18.950000762939453,18.362973817445496
2019-05-06,18.40999984741211,1242800.0,26.01656013418758,16.17843956063664,20.859859522945484,45.96364574416851,-1.7170071795402855,-1.5819961771979945,-0.13501100234229102,-1.9299983978271484,-9.243287717432501,34.73595345035736,1.121991092202691,1.0733572669318843,-13.703912237314327,0.4378861876034635,106.20999908447266,1783000.0,1,1,1,0,1,1,0,1,0,1,0,1,1,0,0,1,0,1,1,1,1,0,0,0,1,1,0,0,1,1,1,0,1,1,0,0,1,1,1,0,1,1,0,1,1,1,1,1,0,0,0,1,0,0,1,0,0,0,1,1,0,0,1,1,1,0,1,1,0,0,0,1,0,18.549999237060547,19.100000381469727,18.775296444792637
2019-05-07,18.549999237060547,1246600.0,25.28363764434227,16.254362080999528,20.27428212134452,46.28951792514438,-1.6276861270106018,-1.591134167160516,-0.03655195985008586,-1.2199993133544922,-6.003933718883092,35.94104750868128,1.1161345147724067,1.080522057066805,-12.87739024846819,0.49858245675801255,106.02999877929688,2306800.0,1,1,1,0,1,0,0,1,0,1,0,1,1,0,0,1,0,1,1,1,1,0,0,0,1,1,0,0,1,1,1,0,1,1,0,0,1,1,1,0,1,1,1,0,1,1,1,1,0,0,0,1,0,0,0,0,0,0,1,1,0,0,1,1,1,0,1,1,0,0,0,1,0,19.049999237060547,19.459999084472656,18.748851748772534
2019-05-08,19.049999237060547,2752400.0,24.55417526211886,16.41482440981717,17.200000762939453,44.61180839019481,-1.510438270492692,-1.5749949878269511,0.06455671733425916,-1.3700008392333984,-6.577056381427237,38.858979051442695,1.1535535706455968,0.7638384051856224,-9.924410729470612,0.6070717980348281,107.61000061035156,3152600.0,1,0,1,0,1,0,0,1,1,0,0,1,1,0,0,1,0,1,1,1,1,0,0,0,1,0,0,0,1,1,1,0,1,1,0,0,1,1,1,0,1,1,1,0,1,1,1,1,0,0,0,1,0,1,0,0,0,0,1,1,0,0,1,1,1,0,1,1,0,0,0,1,0,19.309999465942383,19.979999542236328,19.11976597918381
2019-05-09,19.309999465942383,1652500.0,23.933936184172893,16.599063426727987,17.269800758361818,43.05393525059878,-1.359882924504717,-1.5319725751625044,0.17208965065778736,0.10999870300292969,0.5535918387368,42.90458842795749,1.1511569469732967,0.6611652287532854,-6.406662003688292,0.5148043412462877,105.05000305175781,2725300.0,1,0,1,0,1,0,0,1,1,0,0,1,1,0,0,1,0,1,1,1,1,0,0,0,1,1,0,0,1,1,1,0,1,1,0,0,1,1,1,1,1,1,1,0,1,1,1,1,0,0,0,1,0,0,0,0,0,0,1,1,0,0,1,1,1,0,1,1,0,0,0,1,0,19.780000686645508,19.459999084472656,19.321703606718863
2019-05-10,19.780000686645508,985900.0,23.05191837365355,16.953081168582777,17.338204753875733,41.73246293748406,-1.2679107335436655,-1.4791602068387366,0.21124947329507116,0.3599987030029297,1.884809925722264,40.050644394727094,1.1317885336728186,0.6045892674467718,-3.331989054970613,0.35653844416964675,104.51000213623047,3257700.0,1,0,1,0,1,0,0,1,1,0,0,1,1,0,0,1,0,1,1,0,1,0,1,0,1,1,0,0,1,1,1,0,1,1,0,0,1,1,1,1,1,1,1,0,0,0,1,1,0,0,0,1,0,0,0,0,0,0,1,1,0,0,1,1,1,0,1,1,0,0,0,1,0,19.309999465942383,19.280000686645508,19.173573386432125
2019-05-13,19.309999465942383,981700.0,22.304146028517142,17.252853559495552,17.40524066947937,40.780322247290165,-1.1957624705541967,-1.4224806595818287,0.22671818902763197,0.21000099182128906,1.1012113014259084,39.08155651701245,1.1130892764022433,0.5222819607849712,-1.2326152981378418,0.29404727249606566,104.63999938964844,5118600.0,1,0,1,0,1,0,0,1,0,0,0,1,1,0,0,0,0,1,1,0,0,0,1,0,1,1,0,0,1,1,1,0,1,1,0,0,1,1,1,1,1,1,1,0,0,1,1,1,0,0,0,1,0,0,1,0,1,0,1,0,0,0,1,1,1,0,1,1,0,0,0,1,0,18.799999237060547,18.200000762939453,18.996515771011772
2019-05-14,18.799999237060547,1066500.0,21.47873425851558,17.550265451567427,17.470935866770933,40.45040295733633,-1.2117629710084685,-1.3803371218671567,0.1685741508586882,-0.6099987030029297,-3.242949071356438,33.79738905205795,1.1221543117390949,0.6270386132913462,0.32740021835541333,0.5867055556734955,103.0,3798300.0,1,1,1,0,1,0,0,1,0,0,0,1,1,0,1,0,0,1,1,0,0,0,0,0,0,0,0,1,1,1,1,0,1,0,0,0,1,1,1,0,1,1,1,1,0,1,1,1,0,0,0,1,0,0,1,0,1,0,1,0,0,1,1,0,0,0,1,1,1,0,0,1,0,18.450000762939453,18.739999771118164,18.714595532091458
2019-05-15,18.450000762939453,845800.0,21.355572840006882,17.49242692348189,17.535317160116666,40.14404933095062,-1.1674128670537272,-1.337752270904471,0.17033940385074375,0.4699993133544922,2.5725194394002893,38.29014827262005,1.111286097568766,1.081315810622928,1.6202203840587641,0.6116988774912467,101.83000183105469,2591000.0,1,1,1,0,1,0,0,1,0,0,0,1,1,0,1,0,0,1,1,1,0,0,1,0,1,1,0,1,1,1,1,0,1,1,0,0,1,1,1,1,0,1,1,1,1,1,1,1,0,0,0,1,0,0,1,0,1,0,1,0,0,0,1,1,0,0,1,1,1,0,0,1,0,18.6299991607666,18.770000457763672,18.85383831594305
2019-05-16,18.6299991607666,824500.0,21.06807542416207,17.535924476655797,17.598410827595483,39.859578106449604,-1.116968567105456,-1.293595530144668,0.1766269630392121,1.0600013732910156,5.985327092537118,38.539697160217074,1.0747655530367894,1.293846581414408,1.7925857862868027,0.44497154916441856,101.91000366210938,1723900.0,1,1,1,0,1,0,0,0,0,0,0,1,1,0,1,0,0,1,1,1,0,0,1,0,1,1,0,1,1,1,0,0,1,1,0,0,1,1,1,1,0,1,1,1,1,0,1,1,0,0,0,1,0,0,1,0,1,0,1,0,0,1,1,0,0,0,1,0,1,0,1,1,0,18.899999618530273,18.09000015258789,18.792694112123456
2019-05-17,18.899999618530273,1280500.0,20.866667622637387,17.466332369733216,17.660242621724727,38.65107803969885,-1.1189627317513988,-1.2586689704660141,0.1397062387146153,-0.35000038146972656,-1.8980497360794324,35.07720562648305,1.11013942030732,0.05082401861687328,0.8788877182828229,0.4312122912919413,103.93000030517578,2315400.0,1,1,1,0,0,0,0,1,0,0,0,1,1,0,1,0,0,1,1,0,0,0,0,0,1,1,0,1,1,1,1,0,1,0,0,1,1,1,1,0,1,1,1,1,0,1,1,1,0,0,0,1,0,0,1,0,1,0,1,0,0,0,1,1,0,0,1,1,1,0,0,1,0,17.93000030517578,17.06999969482422,18.045339931418944
2019-05-20,17.93000030517578,1988900.0,20.718772476207345,17.23322756956902,20.690000534057617,38.31925916711655,-1.1891409573012908,-1.2447633678330694,0.05562241053177863,-1.8800010681152344,-9.920849564248858,30.631643679275335,1.1108438073734686,0.4199444421203655,-1.9485641079363811,0.6167853718153906,104.0,2947900.0,1,1,0,0,1,1,0,0,0,1,0,1,1,0,1,0,0,1,1,0,0,0,0,0,1,0,0,1,1,1,0,0,0,0,0,0,0,1,1,0,0,0,0,1,0,1,1,1,0,0,0,1,0,0,1,0,1,0,0,0,0,0,1,1,0,0,1,1,1,0,0,1,0,17.0,16.360000610351562,17.790751517939768
2019-05-21,17.0,1640600.0,20.74976665175783,16.80623348557127,20.615600509643556,38.496302996974215,-1.2872105372507185,-1.2532528017165991,-0.033957735534119404,-2.739999771118164,-14.345548253372986,27.973991054352688,1.0972121122963598,0.4446139963352488,-6.49369534587708,0.9502546212221139,103.16999816894531,2510900.0,1,1,0,0,1,1,0,0,0,1,0,1,1,0,1,0,0,1,1,0,0,0,0,0,1,0,0,1,1,1,0,0,0,0,0,1,0,1,1,0,0,0,0,1,0,1,1,1,0,0,0,1,0,0,1,0,1,0,0,0,0,1,1,0,0,0,1,1,1,0,0,1,0,16.709999084472656,17.40999984741211,17.68949417217179
2019-05-22,16.709999084472656,1516800.0,20.424427833163076,16.78957229653663,20.442176516723634,38.03926694429931,-1.265615989385747,-1.2557254392504287,-0.009890550135318366,-2.049999237060547,-10.534426174234834,36.718236947912885,1.10812553284662,0.528449206634268,-9.85353086878508,0.8301325412311782,102.88999938964844,1575400.0,1,1,0,0,1,1,0,1,0,1,0,1,1,0,0,1,0,1,1,1,0,0,0,0,1,1,0,1,1,1,0,0,1,0,0,1,1,1,1,0,1,0,0,1,1,1,1,1,0,0,0,1,0,0,1,0,1,0,0,0,0,0,1,1,0,0,1,1,0,0,0,1,0,17.25,17.290000915527344,17.724018047922268
2019-05-23,17.25,859800.0,20.28474932011521,16.67125081721389,20.27568948352051,37.614876323958335,-1.2438467742072916,-1.2533497062418013,0.009502932034509692,-2.6899986267089844,-13.463456898597592,36.17767343827069,1.0811165335173134,0.5489236339380972,-11.947791319738453,0.5580536387926636,103.91000366210938,2414900.0,1,1,0,0,1,1,0,1,0,1,0,1,1,0,0,1,0,1,1,0,0,0,0,0,1,1,0,0,1,1,0,0,1,0,0,0,1,1,1,0,1,0,0,1,1,1,1,1,0,0,0,1,0,0,1,0,1,0,1,0,0,0,1,1,1,0,1,1,0,0,0,1,0,17.040000915527344,16.579999923706055,17.757685551111663
2019-05-24,17.040000915527344,1005600.0,20.31259762477429,16.391402466778445,20.115861931645508,37.552504035570955,-1.2692544850337661,-1.2565306620001944,-0.01272382303357178,-2.8799991607666016,-14.799585283971483,33.07503299012403,1.0667511431314505,0.8425938800114108,-13.924780472371426,0.4065168535370838,103.80999755859375,2583900.0,1,1,0,0,1,1,0,1,0,1,0,1,1,0,0,1,0,1,1,0,0,0,0,0,1,0,0,0,1,1,0,0,1,0,0,0,1,1,1,0,1,0,0,1,0,1,1,1,0,0,0,1,0,0,1,0,1,0,1,1,0,1,1,0,1,0,1,1,1,0,0,1,0,16.75,16.739999771118164,17.65831204041249
2019-05-28,16.75,3419600.0,20.28641646627434,16.18458363290779,19.96242748184551,37.49458691063982,-1.2619328520126984,-1.2576111000026953,-0.004321752010003177,-2.5400009155273438,-13.174278138313046,34.4395471811051,1.0219832424833195,0.9438602121139285,-14.8063315617648,0.4071658317278031,104.11000061035156,1342100.0,1,1,0,0,1,1,0,1,0,1,0,1,1,0,0,1,0,1,1,1,1,0,0,0,1,1,0,0,1,1,0,0,1,1,0,0,1,1,1,0,1,0,0,1,0,1,1,1,0,0,0,1,0,0,1,0,0,0,1,1,0,1,1,0,1,0,1,1,0,0,0,1,0,16.770000457763672,16.079999923706055,17.644410477479113
2019-05-29,16.770000457763672,941300.0,20.33393976201792,15.864060382940579,19.815130410037508,37.88686682848423,-1.2944650891599778,-1.2649818978341518,-0.029483191325825997,-2.1200008392333984,-11.648355771228003,31.579313444460013,1.0168415005624267,0.884395067810742,-15.500856562956315,0.48592198277095355,103.76000213623047,2439100.0,1,1,0,0,1,1,0,1,0,1,0,1,1,0,0,0,0,1,1,0,1,0,0,0,1,0,0,0,1,1,0,0,1,1,0,0,0,1,1,0,1,0,0,1,0,1,1,1,0,0,0,1,0,0,1,0,1,0,1,0,0,0,1,1,1,0,1,1,0,0,0,0,1,14.949999809265137,15.899999618530273,14.809333783464526
2019-05-30,14.949999809265137,2240800.0,20.409503684083266,15.551496376951892,19.588022626633986,39.14307524477664,-1.3195605689428405,-1.2758976320558895,-0.043662936886951,-2.8400001525878906,-15.154750198902677,30.82735397779234,1.0570671022155431,1.5905735293735315,-14.761599426350232,0.4945466289080363,102.20999908447266,2533700.0,1,1,0,0,1,1,0,1,0,1,0,1,1,0,0,1,0,1,1,1,0,0,0,0,1,0,0,1,1,1,0,0,1,0,0,0,1,1,1,0,1,0,0,1,1,1,1,1,0,0,0,1,0,0,1,0,1,0,0,1,0,0,1,1,0,0,1,1,0,0,0,1,0,15.859999656677246,15.010000228881836,15.60913686723105
2019-05-31,15.859999656677246,1513600.0,20.598189404165673,15.092810771310406,19.18098081650327,40.07493300409287,-1.395181644654155,-1.2997544345755425,-0.09542721007861243,-3.760000228881836,-20.031966633898612,27.3585059407852,1.067276649410108,1.621264946209599,-15.338198508303815,0.6101277325082035,101.87999725341797,1511400.0,1,1,0,0,1,1,0,1,0,1,0,1,1,0,1,0,0,1,1,0,0,0,0,0,1,0,0,0,1,1,0,0,0,0,0,0,0,1,1,0,1,0,0,1,0,1,1,1,0,0,0,1,0,0,1,0,1,0,0,0,0,0,1,1,1,0,1,1,1,0,0,0,1,14.890000343322754,14.779999732971191,14.80246483470314
2019-06-03,14.890000343322754,1099600.0,20.704228954574685,14.620771140792744,18.806502351183006,41.18256934847533,-1.4568770381797762,-1.3311789552963893,-0.1256980828833869,-3.310000419616699,-18.297404044759958,26.527750495504847,1.0424711935257294,1.133797699162158,-15.537101673238576,0.7195108743764987,100.91999816894531,2053800.0,1,1,0,0,1,1,0,1,0,1,0,1,1,0,1,1,0,1,1,1,0,0,0,0,1,0,0,0,1,1,0,0,1,0,0,0,1,1,1,0,1,0,0,1,0,1,1,1,0,0,0,1,0,0,1,0,1,0,0,0,0,1,1,0,0,0,1,1,1,0,0,1,0,14.90999984741211,14.899999618530273,14.78906024360337
2019-06-04,14.90999984741211,1184800.0,20.66668671606908,14.253313264857432,18.369852074103036,41.89508796578203,-1.4790386571859635,-1.3607508956743042,-0.11828776151165932,-2.1700000762939453,-12.71236154123605,27.76026965445555,1.00800899538937,1.1396179143970422,-16.391450914498172,0.5435291957225995,100.33999633789062,2039100.0,1,1,0,0,1,1,0,1,0,1,0,1,1,0,0,1,0,1,1,1,1,0,0,0,1,1,0,0,1,1,0,0,1,1,0,0,1,1,1,0,1,0,0,1,0,1,1,1,0,0,0,1,0,0,1,0,0,0,1,1,0,1,1,0,1,0,1,1,0,0,0,1,0,15.069999694824219,15.460000038146973,15.166988198824885
2019-06-05,15.069999694824219,929200.0,20.50482866979391,14.051171276800332,17.97686682473106,42.288043131551134,-1.4348742094614337,-1.3755755584317302,-0.05929865102970355,-0.9000005722045898,-5.5012257862333325,33.37703764981632,0.9852940371746508,1.1731263857634162,-14.680323231438432,0.41463233526794135,102.0,2523800.0,1,1,0,0,1,0,0,1,0,1,0,1,1,0,0,1,0,1,1,1,1,0,0,0,1,1,0,0,1,1,0,0,1,1,0,0,1,1,1,0,1,0,1,1,1,1,1,1,0,0,0,1,0,0,1,0,0,0,1,1,0,1,1,0,1,0,1,0,0,0,1,1,0,15.550000190734863,14.930000305175781,15.304585945651672
2019-06-06,15.550000190734863,754200.0,20.26982428946824,13.83317577919631,17.623180100296285,42.72534698109181,-1.426199772313577,-1.3857004012080996,-0.04049937110547752,-2.479999542236328,-14.24468445704763,30.92622945026654,0.9777730426936699,0.6551382547897387,-12.927647367937052,0.23397444013259827,103.6500015258789,2136200.0,1,0,0,0,1,1,0,1,0,1,0,1,1,0,0,1,0,1,1,0,1,0,0,0,1,0,0,0,1,1,1,0,1,0,0,0,1,1,1,0,1,0,0,1,0,1,1,1,0,0,0,1,0,0,1,0,1,0,1,1,0,0,1,1,1,0,1,1,0,0,0,1,0,14.920000076293945,14.65999984741211,14.808122504169255
2019-06-07,14.920000076293945,860300.0,19.868229327181986,13.702770772000145,17.304862048304987,43.50055206148714,-1.4246890700698973,-1.3934981349804592,-0.031190935089438154,-2.6300010681152344,-15.211110056988797,29.728634302343487,0.9757892403059175,0.6869721554898863,-11.879075765163492,0.2741970971687409,102.94000244140625,2021000.0,1,1,0,0,1,1,0,1,0,1,0,1,1,0,0,1,0,1,1,0,0,0,0,0,1,0,0,0,1,1,0,0,1,0,0,0,1,1,1,0,1,0,0,1,0,1,1,1,0,0,0,1,0,0,1,0,1,0,1,1,0,1,1,0,1,0,1,1,0,0,0,1,0,14.8100004196167,14.84000015258789,14.7809040917528
2019-06-10,14.8100004196167,859500.0,19.489833278283992,13.619166927709662,16.920278648284757,44.22038535042566,-1.39291069986416,-1.3933806479571993,0.0004699480930392408,-1.739999771118164,-10.49457044104274,31.629473600438374,0.9575185312379586,1.1047728406683954,-11.56156059879733,0.2679104777316806,102.37000274658203,1269200.0,1,1,0,0,1,1,0,1,0,1,0,1,1,0,0,1,0,1,1,1,1,0,0,0,1,1,0,0,1,1,0,0,1,1,0,0,1,1,1,0,1,0,0,1,1,1,1,1,0,0,0,1,0,0,1,0,1,0,1,1,0,1,1,0,1,0,1,1,0,0,0,1,0,14.970000267028809,13.789999961853027,14.887985620007687
2019-06-11,14.970000267028809,1274000.0,19.170951690382534,13.389048443131873,16.581845256266952,45.22341400888353,-1.43590018913636,-1.4018845561930315,-0.034015632943328544,-2.9499998092651367,-17.62246027239992,27.035375778133737,0.9919815314393627,0.4970453729588725,-13.625445539340351,0.5428296787669062,104.02999877929688,1216600.0,1,1,0,0,1,1,0,1,0,1,0,0,1,0,0,1,0,1,1,0,0,0,0,0,1,0,0,0,1,1,1,0,1,0,0,0,1,1,1,0,1,0,0,1,0,1,1,1,0,0,0,1,0,0,1,0,1,0,1,0,0,1,1,0,1,0,1,1,1,0,0,1,0,13.859999656677246,13.729999542236328,14.049258759988854
2019-06-12,13.859999656677246,936400.0,19.00963599672455,13.10336401471954,16.17698686164324,46.221479834322096,-1.4580042362662073,-1.4131084922076667,-0.04489574405854069,-2.3500003814697266,-14.614430302361026,26.7958646792891,0.9539828533470491,-0.0290649929969835,-13.280030515505757,0.5220346797955698,104.12000274658203,1327800.0,1,1,0,0,1,1,0,1,0,1,0,1,1,0,0,1,0,1,1,0,1,0,0,0,1,0,0,0,1,1,0,0,1,0,0,1,1,1,1,0,1,0,0,1,0,1,1,1,0,0,0,1,0,0,1,0,1,0,1,0,0,0,1,1,1,0,1,1,1,0,0,1,0,13.710000038146973,13.100000381469727,13.971427200847026
2019-06-13,13.710000038146973,1198400.0,18.72591665502911,12.823083417450139,15.759868914952197,47.43328330905622,-1.5089631323263468,-1.4322794202314026,-0.07668371209494418,-2.799999237060547,-17.610058517217542,24.355980468599352,0.9544126522613293,-0.18064449473396216,-13.247818281555828,0.6427004958756082,102.83999633789062,912900.0,1,1,0,0,0,1,0,1,0,1,0,1,1,0,1,0,0,1,1,0,0,0,0,0,1,1,0,0,1,1,0,0,1,0,0,1,1,1,1,0,1,1,0,1,0,1,1,1,0,0,0,1,0,0,1,0,1,0,1,0,0,1,1,0,1,0,1,1,1,0,0,1,0,13.15999984741211,13.369999885559082,13.276531848694312
2019-06-14,13.15999984741211,924600.0,18.293940746509328,12.715059268749458,15.268492462195615,48.573825030632385,-1.5101536103113347,-1.447854258247389,-0.06229935206394566,-1.640000343322754,-10.926051421152605,27.40672276124539,0.9169546274695044,-0.29691227647470336,-13.067524759518887,0.5925740361181586,103.51000213623047,1385300.0,1,1,1,0,0,1,0,1,0,1,0,1,1,0,0,1,0,1,1,1,0,0,0,0,1,1,0,0,1,1,0,0,1,1,0,1,1,1,1,0,1,1,0,1,1,1,1,1,0,0,0,1,0,0,1,0,1,0,1,0,0,0,1,1,0,1,1,1,0,0,0,1,0,13.289999961853027,12.949999809265137,13.834326238976121
2019-06-17,13.289999961853027,1299500.0,17.98335737951005,12.511642601416463,14.814793969756492,49.76259996773559,-1.527380872820899,-1.463759581162091,-0.06362129165880814,-1.8299999237060547,-12.38159645986796,25.67225576028112,0.8964578765388911,-0.4093196002197792,-12.48426672242625,0.3327700730825608,103.88999938964844,1361900.0,1,1,1,0,0,1,0,1,0,1,0,1,1,0,0,1,0,1,1,0,0,0,0,0,1,0,0,0,1,1,0,0,1,1,0,1,1,1,1,0,1,1,0,1,0,1,1,1,0,0,0,1,0,0,1,0,1,0,1,1,0,1,1,0,1,1,1,1,1,0,0,1,0,13.199999809265137,14.109999656677246,13.63121013376717
2019-06-18,13.199999809265137,2642500.0,17.743697412792077,12.45530256431974,14.401835175805193,49.01622519821081,-1.4309363656166454,-1.4571949380530018,0.02625857243635643,-0.7899999618530273,-5.302013302540964,37.44697356886243,0.9252823275528891,0.22894155376167077,-10.351492243472428,0.4225823553776255,103.80999755859375,2051500.0,1,1,1,0,1,0,0,1,0,1,0,1,1,0,0,1,0,1,1,1,1,0,0,0,1,1,0,0,1,1,1,0,1,1,0,0,1,1,1,0,1,1,1,0,1,1,1,1,0,0,0,1,0,0,0,0,1,0,1,1,0,1,1,0,0,0,1,1,0,0,0,1,0,14.220000267028809,14.550000190734863,14.457884955101447
2019-06-19,14.220000267028809,1868900.0,17.597751914981146,12.420248020169002,12.75,47.178132984739534,-1.303967704940721,-1.4265494914305457,0.12258178648982465,-0.9099998474121094,-5.886156825140487,41.24883260665512,0.917047905557447,0.7268085422318524,-7.3288843617775425,0.614283311473965,107.04000091552734,2549500.0,1,0,1,0,1,0,0,1,1,0,0,1,1,0,0,1,0,1,1,1,1,0,0,0,1,1,0,0,1,1,1,0,1,1,0,0,1,1,1,0,1,1,1,0,1,1,1,1,0,0,0,1,0,0,0,0,0,0,1,1,0,1,1,0,1,0,1,1,0,0,0,1,0,14.609999656677246,14.770000457763672,14.52359792153761
2019-06-20,14.609999656677246,2214200.0,17.220161269957607,12.533838726227696,12.793400001525878,44.299426121892076,-1.172080924363943,-1.3756557780172252,0.2035748536532822,-0.15999984741210938,-1.0716667390598955,43.11063447510366,0.9415445000806175,0.5410226657465517,-5.238931786568518,0.6920117605897409,107.30999755859375,1399000.0,1,0,1,0,1,0,0,1,1,0,0,1,1,0,0,1,0,1,1,1,1,0,0,0,1,1,0,0,1,1,1,0,1,1,0,0,1,1,1,1,1,1,1,0,1,1,1,1,0,0,0,1,0,0,0,0,0,0,1,1,0,0,1,1,1,0,1,1,0,0,0,1,0,14.699999809265137,14.4399995803833,14.65223139375271
2019-06-21,14.699999809265137,1939900.0,16.804006842986638,12.664993019684259,12.911664001464842,42.11580526967001,-1.0817186343655987,-1.3168683492868998,0.2351497149213011,-0.2200002670288086,-1.5006839653388226,41.01122904625259,0.9421484507366547,0.7215361342531564,-4.045523316414825,0.6432916866573365,108.9800033569336,1766100.0,1,0,1,0,1,0,0,1,1,0,0,1,1,0,0,1,0,1,1,0,1,0,0,0,1,0,0,0,1,1,1,0,1,1,0,0,1,1,1,0,1,1,1,0,0,1,1,1,0,0,0,1,0,0,0,0,0,0,1,1,0,0,1,1,1,0,1,1,0,0,0,1,0,14.350000381469727,15.039999961853027,14.530213537540838
2019-06-24,14.350000381469727,4790200.0,16.553979531843364,12.761020334642232,13.025197441406249,39.60138688065483,-0.9507314122340897,-1.2436409618763378,0.292909549642248,0.19999980926513672,1.3477075957459395,46.146322825788474,0.9677092893079553,0.6672914830928904,-1.556048287678514,0.3127556772427671,108.55999755859375,1866300.0,1,0,1,0,1,0,0,1,1,0,0,1,1,0,0,1,0,1,1,1,0,0,1,0,1,1,0,0,1,1,1,0,1,1,0,0,1,1,1,1,1,1,1,0,1,1,1,1,0,0,0,1,0,0,0,0,1,0,1,1,0,0,1,1,1,0,0,1,0,0,0,1,0,15.010000228881836,13.34000015258789,14.798381182007168
2019-06-25,15.010000228881836,3117500.0,16.208207630367145,12.766792274265423,13.134189543749999,38.06277021802417,-0.9728840701381412,-1.1894895835286985,0.21660551339055734,-0.4499998092651367,-3.263232853589282,36.4614310651906,1.0335871536179897,0.9305719503557867,-0.8209736197336204,0.5814258286069187,109.16000366210938,3633000.0,1,0,1,0,1,0,0,1,0,0,0,1,1,0,1,0,0,1,1,0,0,0,0,0,1,0,0,0,0,1,1,0,1,0,0,0,1,1,1,0,1,1,1,1,0,1,1,1,0,0,0,1,0,0,1,0,1,0,1,0,0,1,1,0,1,0,1,1,1,0,0,1,0,13.619999885559082,13.420000076293945,13.932139673099583
2019-06-26,13.619999885559082,1591600.0,15.970290443488352,12.738709476403006,13.238821962,36.63405474558141,-0.9727713828996585,-1.1461459434028904,0.17337456050323197,-0.3099994659423828,-2.2578257558476977,37.13012236088284,1.000473763704149,0.21456245236009328,-0.42183987224932434,0.6980085778789169,107.76000213623047,2886100.0,1,1,1,0,1,0,0,0,0,0,0,1,1,0,1,0,0,1,1,0,0,0,0,0,1,0,0,1,1,1,0,0,1,0,0,1,1,1,1,0,0,1,1,1,0,1,1,1,0,0,0,1,0,0,1,0,1,0,1,0,0,1,0,0,0,0,1,1,1,0,0,1,0,13.489999771118164,12.8100004196167,13.85450138337993
2019-06-27,13.489999771118164,2602700.0,15.785774215735797,12.614225784264201,15.75,35.93948137560939,-1.0102583226853614,-1.1189684192593847,0.10871009657402331,-0.28999996185302734,-2.213740102353279,34.17659039505486,1.0097256458996324,-0.13441863942715998,-1.1507967697577153,0.8102836954137119,107.12000274658203,2019300.0,1,1,0,0,0,0,0,0,0,1,0,1,1,0,1,0,0,1,1,0,0,0,0,0,1,0,0,1,1,1,0,0,1,0,0,1,1,1,1,0,1,0,1,1,0,1,1,1,0,0,0,1,0,0,1,0,1,0,0,0,0,1,0,0,0,1,1,1,1,0,0,1,0,12.869999885559082,13.520000457763672,12.595465508924509
2019-06-28,12.869999885559082,2521900.0,15.69194141521367,12.559058607674515,15.687199993133545,35.2945203892068,-0.9714773371645968,-1.089470202840427,0.11799286567583023,0.15000057220458984,1.12191902384835,40.1446322893575,0.9933166521190294,-0.14363614161697896,0.08814930108091136,0.7484275504745631,106.2699966430664,1633400.0,1,1,0,0,0,0,0,0,0,1,0,1,1,0,1,0,0,1,0,1,0,0,0,0,1,1,0,1,1,1,0,0,1,1,0,1,1,1,1,1,0,0,1,1,1,1,1,1,0,0,0,1,0,0,1,0,1,0,1,0,0,0,0,1,0,1,1,1,1,0,0,1,0,13.489999771118164,14.869999885559082,13.91060158041249
2019-07-01,13.489999771118164,5031800.0,15.70443315724885,12.555566880898123,15.62565598640442,32.87470356392331,-0.8223301452980998,-1.0360421913319615,0.21371204603386174,1.9200000762939453,14.82625563376667,49.51713142277353,1.0430797865432142,0.3152083948179427,1.8856738633669483,0.6845551668260678,107.73999786376953,4102700.0,1,1,0,0,1,0,0,1,0,1,0,1,1,0,0,1,1,1,0,1,0,0,1,0,1,1,0,1,1,1,1,1,1,1,0,1,1,1,1,1,1,0,1,0,1,0,1,1,0,0,0,1,0,0,0,0,1,0,1,1,0,1,0,0,0,0,0,0,0,0,1,1,0,15.130000114440918,15.350000381469727,15.23604482770225
2019-07-02,15.130000114440918,2446600.0,15.782197881952058,12.52280223248886,15.565342859809876,30.988056595916554,-0.6578150107397605,-0.9603967552135213,0.30258174447376085,1.2400007247924805,8.788098901233333,52.372752470504246,1.0314311704163133,0.3497633218988614,4.0781008366410925,0.9552088063714452,110.16999816894531,1916800.0,1,0,0,0,1,0,0,1,1,1,0,1,1,1,0,1,1,1,0,0,1,0,1,0,1,0,0,0,0,1,1,1,1,1,0,1,1,1,1,1,1,0,1,0,1,0,1,1,0,0,0,1,0,0,0,0,0,0,1,1,0,0,0,1,1,0,0,1,0,0,0,1,0,15.100000381469727,14.430000305175781,15.382162293091891
2019-07-03,15.100000381469727,2868100.0,15.62375942218797,12.57824071895583,15.506235995747224,28.88855952885576,-0.5948152389156238,-0.8872804519539418,0.29246521303831796,-0.11999988555908203,-0.8247414706942457,46.897127980811106,1.0513289739306264,0.6042372900680204,3.176345115048668,0.9185552881470218,109.9000015258789,1965400.0,1,0,0,0,1,0,0,1,0,1,0,1,1,0,1,1,1,1,1,0,0,0,0,1,1,0,0,0,0,1,1,0,1,0,0,1,1,1,1,1,1,0,1,0,0,1,1,1,0,0,0,0,0,0,0,0,1,0,1,1,0,1,0,0,1,0,0,1,1,0,0,1,0,14.5,14.6899995803833,14.569346117628768
2019-07-05,14.5,976300.0,15.589051982156786,12.588948086507767,15.448311268965824,26.939026538013596,-0.5179372391631727,-0.8134118093957879,0.29547457023261525,-0.0800008773803711,-0.5416443798301973,48.53474135031352,1.010519728809605,0.4345201182856354,2.872454947680661,0.6057853376446859,109.98999786376953,852500.0,1,0,0,0,1,0,0,1,1,1,0,1,1,1,0,1,1,1,1,1,0,0,0,0,1,1,0,1,0,1,1,0,1,0,0,0,1,1,1,1,1,0,1,0,1,1,1,1,0,0,0,0,0,0,0,0,1,0,1,1,0,0,0,1,1,0,0,1,0,0,0,1,0,14.609999656677246,14.199999809265137,14.71234135068533
2019-07-08,14.609999656677246,1709100.0,15.54427466134904,12.587725403500816,15.391545036720053,25.435105391245294,-0.4908910702250857,-0.7489076615616475,0.25801659133656174,-0.23999977111816406,-1.6620483247395845,45.67590714456209,1.0076254815395482,0.4570526454015165,0.6421895843828513,0.3934667691035037,110.36000061035156,3780700.0,1,0,0,0,1,0,0,1,0,1,0,1,1,1,1,0,1,1,1,0,0,0,0,0,1,0,0,0,0,1,1,0,1,0,0,0,1,1,1,0,1,0,1,0,0,1,1,1,0,0,0,1,0,0,1,0,1,0,1,0,0,0,0,1,1,0,1,1,1,0,0,0,1,14.0600004196167,14.239999771118164,14.446606821870748
2019-07-09,14.0600004196167,1665100.0,15.474031938780703,12.597968087922178,15.335914129119198,24.187178725081317,-0.4609159714479958,-0.6913093235389172,0.23039335209092138,-0.8000001907348633,-5.31915021784547,45.95576275979193,0.9770807988371558,1.1104821764238009,0.3513245556000155,0.421302908796999,108.81999969482422,4555900.0,1,1,0,0,1,1,0,1,0,1,0,1,1,0,1,0,1,1,1,1,0,0,0,0,1,0,0,1,0,1,1,0,1,0,0,0,1,1,1,0,1,0,0,0,1,1,1,1,0,0,0,0,0,0,1,0,1,0,1,0,0,0,0,1,0,0,0,1,1,0,0,1,0,14.09000015258789,14.069999694824219,14.393028836189965
2019-07-10,14.09000015258789,1512500.0,15.483624710532576,12.616375289467426,15.281395839670358,23.338045791113718,-0.44573986343300653,-0.6421954315177351,0.19645556808472853,0.7299995422363281,5.472260373960425,44.897156157940366,0.9537178573866641,-0.1486680261976972,0.5804918153592972,0.21546229446412996,107.13999938964844,2548700.0,1,1,0,0,0,0,0,1,0,1,0,1,1,0,1,0,1,1,0,1,0,0,1,0,1,1,0,1,0,1,1,0,1,1,0,1,1,1,1,1,1,0,1,1,0,0,1,1,0,0,0,0,0,0,1,0,1,0,1,0,0,1,0,0,0,1,0,1,1,0,0,1,0,14.119999885559082,13.829999923706055,14.494895561286945
2019-07-11,14.119999885559082,1117800.0,15.484818104707783,12.625181933439189,15.227967916010495,22.54956520957237,-0.4479153746394289,-0.6033394201420739,0.155424045502645,0.4099998474121094,3.055140425344427,43.377972557395275,0.9270237192666206,-0.2664924102109331,0.9531617232272385,0.2811831150395779,109.16000366210938,2374900.0,1,1,0,0,0,0,0,1,0,1,0,1,1,0,1,0,1,1,0,0,0,0,1,0,1,0,0,1,0,1,0,0,1,1,0,1,1,1,1,1,0,0,1,1,0,0,1,1,0,0,0,0,0,0,1,0,1,0,1,0,0,1,0,0,0,1,1,1,1,0,0,1,0,13.859999656677246,13.239999771118164,13.909221970285989
2019-07-12,13.859999656677246,1170400.0,15.474311561469156,12.64968841564266,15.17560855082383,22.392910631413802,-0.49158092551028254,-0.5809877212157156,0.08940679570543308,0.42999935150146484,3.3567473646837875,39.811597491373895,0.9165220059598044,0.08089452942029934,-0.026446370496894835,0.36707491658347247,108.16999816894531,3505800.0,1,1,0,0,0,0,0,0,0,1,0,1,1,0,1,0,1,1,0,0,0,0,1,0,1,0,0,1,1,1,0,0,1,1,0,1,1,1,1,1,0,0,1,1,0,0,1,1,0,0,0,0,0,0,1,0,1,0,1,0,0,0,0,1,0,0,1,1,1,0,0,0,1,13.130000114440918,13.25,13.417738446333876
2019-07-15,13.130000114440918,1133400.0,15.480982782606546,12.631017205949362,15.124296372940899,22.56622444738059,-0.5193920263044483,-0.5686685822334622,0.04927655592901392,-0.2700004577636719,-1.9970447383278578,39.90178820319388,0.8853418980991501,0.3237898492103877,0.4457624765197608,0.41379216071659575,105.97000122070312,3450900.0,1,1,0,0,1,0,0,0,0,1,0,1,1,0,1,0,1,1,1,1,0,0,0,0,1,0,0,1,1,1,0,0,1,0,0,0,1,1,1,0,0,0,1,1,1,1,1,1,0,0,0,0,0,0,1,0,1,0,1,0,0,1,0,0,0,0,1,1,1,0,0,1,0,13.319999694824219,12.960000038146973,13.762217865847322
2019-07-16,13.319999694824219,1226500.0,15.479936286665094,12.633063724779,15.074010438615625,22.466024723842633,-0.5583962529285564,-0.566614116372481,0.008217863443924611,-1.9099998474121094,-12.844652737805296,38.117966647320024,0.8685317352728017,0.5425767512848423,-2.315756316358405,0.4125529409017399,105.4800033569336,1438100.0,1,1,0,0,1,1,0,0,0,1,0,1,1,0,1,0,0,1,1,0,0,0,0,0,1,1,0,1,1,1,0,0,1,0,0,0,1,1,1,0,0,0,0,1,0,1,1,1,0,0,0,1,0,0,1,0,1,0,1,0,0,1,0,0,0,0,1,1,1,0,0,1,0,12.979999542236328,12.800000190734863,13.023480156785364
2019-07-17,12.979999542236328,1356800.0,15.515531361843747,12.466468703006106,15.024730222976858,22.55627768428482,-0.5953551504711623,-0.5723623231922172,-0.022992827278945027,-2.5500001907348633,-16.612378679893602,37.13166494510978,0.8522079962996328,0.5443987828137209,-5.081552882081274,0.3513743636357561,106.33999633789062,2059000.0,1,1,0,0,1,1,0,1,0,1,0,1,1,0,1,0,0,1,1,0,0,0,0,0,1,0,0,1,1,1,0,0,1,0,0,0,1,1,1,0,1,0,0,1,0,1,1,1,0,0,0,1,0,0,1,0,1,0,1,0,0,1,0,1,0,0,1,1,1,0,0,1,0,12.800000190734863,12.329999923706055,12.622196947379143
2019-07-18,12.800000190734863,1619100.0,15.542588302250666,12.217411735896308,14.976435611650865,23.12898680098849,-0.655019776394635,-0.5888938138327008,-0.06612596256193426,-2.1000003814697266,-14.553016888824978,34.3222312335847,0.8320502604799603,0.5209329302171232,-9.548883072765884,0.33921081946412956,105.44000244140625,1112200.0,1,1,0,0,1,1,0,1,0,1,0,1,1,0,1,0,0,1,1,0,0,0,0,0,1,1,0,0,1,1,0,0,1,0,0,0,1,1,1,0,1,0,0,1,0,1,1,1,0,0,0,1,0,0,1,0,1,0,1,0,0,0,1,1,1,0,1,1,1,0,0,1,0,12.300000190734863,11.569999694824219,12.489890262748336
2019-07-19,12.300000190734863,3684300.0,15.609603085803988,11.830396876049038,14.868178205495377,24.56618683769415,-0.754927751984571,-0.6221006014630748,-0.13282715052149618,-3.119999885559082,-21.238937880743446,30.32649438441584,0.8511895548363722,0.9203745124125003,-13.696785966974943,0.5872445432914029,105.29000091552734,2428000.0,1,1,0,0,1,1,0,1,0,1,0,1,1,0,1,0,0,1,1,0,0,0,0,0,1,1,0,0,1,1,0,0,0,0,0,0,0,1,1,0,1,0,0,1,0,1,1,1,0,0,0,1,0,0,1,0,1,0,0,0,0,1,0,0,1,0,1,1,1,0,0,1,0,11.65999984741211,10.949999809265137,12.40305946504673
2019-07-22,11.65999984741211,3853000.0,15.754504115385286,11.336495869355923,14.649887485699834,26.26991208587708,-0.8740587465000953,-0.6724922304704789,-0.2015665160296164,-3.25,-22.88732425108526,27.512554287023853,0.8618188723480599,1.0141334031459526,-15.846389998703435,0.7594051718061077,106.51000213623047,3076500.0,1,1,0,0,1,1,0,1,0,1,0,1,1,0,1,0,0,1,1,0,0,0,0,0,1,0,0,0,1,1,0,0,0,0,0,0,0,1,1,0,1,0,0,1,0,1,1,1,0,0,0,1,0,0,1,0,1,0,0,0,0,1,0,0,1,0,1,1,1,0,0,1,0,10.989999771118164,10.84000015258789,12.397561863328797
2019-07-23,10.989999771118164,1891600.0,15.727264847450034,10.943735156364664,14.333896471585058,27.899060383663773,-0.9662091137158537,-0.7312356071195538,-0.2349735065962999,-3.3999996185302734,-23.87640219929088,27.033289049838338,0.8366889692433296,0.6290392708372639,-16.386812842164353,0.7649680288179197,104.91999816894531,1536000.0,1,1,0,0,1,1,0,0,0,1,0,1,1,0,1,1,0,1,1,0,0,0,0,0,1,1,0,0,1,1,0,0,0,0,0,0,0,1,1,0,1,0,0,1,0,1,1,1,0,0,0,1,0,0,1,0,1,0,0,0,0,1,0,0,0,0,1,1,1,0,0,1,0,10.920000076293945,11.199999809265137,12.366832799172657
2019-07-24,10.920000076293945,2593600.0,15.79497835518648,10.662021614295941,13.963506835870644,28.893641656011745,-0.9986778434665879,-0.7847240543889606,-0.2139537890776273,-2.869999885559082,-20.39800957930965,31.254020873278304,0.8254968536903392,0.6887167241210721,-16.935779633151796,0.5380482886386725,105.36000061035156,1981600.0,1,1,0,0,1,1,0,1,0,1,0,1,1,0,0,1,0,1,1,1,1,0,0,0,1,1,0,0,1,1,0,0,1,0,0,0,1,1,1,0,1,0,0,1,1,1,1,1,0,0,0,1,0,0,1,0,1,0,1,1,0,1,0,0,1,0,1,1,0,0,0,1,0,11.220000267028809,11.069999694824219,12.366832799172657
2019-07-25,11.220000267028809,1882500.0,15.841581671336968,10.380418259998482,13.630156163727673,29.81718140890629,-1.0231057423609773,-0.832400391983364,-0.19070535037761327,-2.760000228881836,-19.956617817118783,30.56642390740789,0.7958184960990371,0.8035987439515079,-16.482964297149,0.2523964004550404,105.37999725341797,1896300.0,1,1,0,0,1,1,0,1,0,1,0,1,1,0,0,1,0,1,1,0,1,0,0,0,1,1,0,0,1,1,0,0,1,0,0,0,1,1,1,0,1,0,0,1,0,1,1,1,0,0,0,1,0,0,1,0,0,0,1,1,0,0,1,1,1,0,1,1,0,0,0,1,0,11.039999961853027,10.630000114440918,12.366832799172657
2019-07-26,11.039999961853027,1958800.0,15.938239781390546,10.065760119427324,13.330140558798997,30.928823455285396,-1.0656847665126747,-0.8790572668892261,-0.1866274996234486,-2.609999656677246,-19.712988684265078,28.29726105055088,0.7854028619869826,0.45288834907770936,-16.703864770303223,0.19528426178691724,105.51000213623047,3440300.0,1,1,0,0,1,1,0,1,0,1,0,1,1,0,0,1,0,1,1,0,1,0,0,0,1,0,0,0,1,1,0,0,1,0,0,0,1,1,1,0,1,0,0,1,0,1,1,1,0,0,0,1,0,0,1,0,0,0,1,1,0,1,0,0,1,0,1,1,0,0,0,1,0,10.720000267028809,10.789999961853027,12.421628591525828
2019-07-29,10.720000267028809,1940500.0,15.943144999808379,9.787854851418427,12.995323687165481,32.06117923411602,-1.074136324484547,-0.9180730784082903,-0.15606324607625666,-2.4600000381469727,-18.566038023750743,30.322904766106618,0.7600169650718968,0.16516310502636156,-15.785772221595026,0.2036269693765699,104.27999877929688,1719800.0,1,1,0,0,1,1,0,1,0,1,0,1,1,0,0,1,0,1,1,1,1,0,0,0,1,1,0,0,1,1,0,0,1,0,0,0,1,1,1,0,1,0,0,1,1,1,1,1,0,0,0,1,0,0,1,0,0,0,1,1,0,0,0,1,1,0,1,1,0,0,0,1,0,10.779999732971191,10.699999809265137,12.366832799172657
2019-07-30,10.779999732971191,1338100.0,15.728202345809539,9.585797497787873,12.634778381643466,32.993302133460375,-1.0756965450451954,-0.9495977717356714,-0.12609877330952401,-2.260000228881836,-17.438273319673325,29.81270869175048,0.7321586022495528,0.34649653565538235,-14.484537036126422,0.21976340816075557,105.5999984741211,1641400.0,1,1,1,0,1,1,0,1,0,1,0,1,1,0,0,1,0,1,1,0,1,0,0,0,1,0,0,0,1,1,0,0,1,0,0,0,1,1,1,0,1,1,0,1,0,1,1,1,0,0,0,1,0,0,1,0,0,0,1,1,0,0,1,1,1,0,1,1,0,0,0,1,0,10.619999885559082,11.130000114440918,12.366832799172657
2019-07-31,10.619999885559082,1467000.0,15.321777315321654,9.570222501572879,12.324709418894534,33.10476156719173,-1.0303582713388586,-0.9657498716563089,-0.06460839968254972,-1.6700000762939453,-13.046875401632851,35.40482968953604,0.7291473116644145,0.17483355130041023,-12.121241573497214,0.2001599109705735,104.77999877929688,2261000.0,1,1,1,0,1,1,0,1,0,1,0,1,1,0,0,1,0,1,1,1,1,0,0,0,1,1,0,0,1,1,1,0,1,0,0,0,1,1,1,0,1,1,0,0,1,1,1,1,0,0,0,1,0,0,0,0,0,0,1,1,0,1,0,0,1,0,1,1,0,0,0,1,0,11.199999809265137,10.550000190734863,12.372723825767357
2019-08-01,11.199999809265137,1947400.0,15.089474687825149,9.414525117625292,12.058050110930452,33.21967641653136,-1.0293626574048744,-0.978472428806022,-0.050890228598852394,-1.7799997329711914,-14.436332068006807,31.732313873266722,0.7270653472073232,0.2899773333938995,-11.054223913537989,0.2011964191641292,106.45999908447266,1819900.0,1,0,1,0,1,1,0,1,0,1,0,1,1,0,0,0,0,1,1,0,1,0,0,0,1,0,0,0,1,1,1,0,1,0,0,0,0,1,1,0,1,1,0,1,0,1,1,1,0,0,0,1,0,0,1,0,0,0,1,0,0,0,1,1,1,0,1,1,0,0,0,0,1,9.329999923706055,8.869999885559082,12.366832799172657
2019-08-02,9.329999923706055,5410800.0,14.929392669823068,8.992607166144948,11.828723106081341,34.79630549828729,-1.150869107785093,-1.0129517646018362,-0.13791734318325677,-2.6999998092651367,-23.336213314447775,23.974803984342596,0.8022749461904566,1.0268421596082733,-11.958640030760948,0.7922222454473622,105.87000274658203,2960600.0,1,1,1,0,1,1,0,0,0,1,0,1,1,0,1,0,0,1,1,0,0,0,0,0,1,1,0,1,1,1,0,0,0,0,0,0,0,1,1,0,0,1,0,1,0,1,1,1,0,0,0,1,0,0,1,0,1,0,0,0,0,0,1,1,0,0,1,1,1,0,0,0,1,8.460000038146973,9.260000228881836,12.366832799172657
2019-08-05,8.460000038146973,3084200.0,14.71795988079219,8.710039997137496,11.339327482350514,36.50088393105881,-1.201840013227777,-1.0507294143270243,-0.15111059890075262,-1.6899995803833008,-15.433786391058558,28.35360539471931,0.8178267003260923,1.0213184649271418,-11.717389283292187,0.8765705989383321,105.91999816894531,2026600.0,1,1,1,0,1,1,0,0,0,1,0,1,1,0,1,0,0,1,1,1,0,0,0,0,1,0,0,1,1,1,0,0,1,0,0,0,1,1,1,0,1,1,0,1,1,1,1,1,0,0,0,1,0,0,1,0,1,0,0,0,0,0,1,1,0,0,1,1,1,0,0,1,0,9.0,8.859999656677246,12.360236718953614
2019-08-06,9.0,2745000.0,14.459508153772521,8.430491712713074,10.801248604191972,38.0837067614895,-1.2599871783718122,-1.0925809671359819,-0.16740621123583033,-1.9800004959106445,-18.26568697453338,26.657703444253748,0.8129819360170857,1.026367824810672,-11.49990310573286,0.9327080155869387,103.75,2928700.0,1,1,1,0,1,1,0,0,0,1,0,1,1,0,1,0,0,1,1,0,0,0,0,0,1,0,0,1,1,1,0,0,1,0,0,0,1,1,1,0,1,1,0,1,0,1,1,1,0,1,0,1,0,0,1,0,1,0,1,0,0,1,1,0,0,0,1,1,1,0,0,1,0,8.970000267028809,9.420000076293945,12.360236718953614
2019-08-07,8.970000267028809,2170000.0,14.095733377064624,8.329266527567944,10.360023924101968,38.971983923070795,-1.2465128477503153,-1.1233673432588485,-0.12314550449146688,-1.7799997329711914,-15.892855029325059,32.724530428375516,0.8013403419108849,1.1568320839782265,-10.296645200715375,0.6188183692104645,102.79000091552734,2231100.0,1,1,1,0,1,1,0,1,0,1,0,1,1,0,0,1,0,1,1,1,0,0,0,0,1,1,0,1,1,1,0,0,1,0,0,0,1,1,1,0,1,1,0,1,1,1,1,1,0,0,0,1,0,0,1,0,1,0,1,1,0,0,1,1,0,0,1,1,0,0,0,1,0,9.25,8.970000267028809,12.377865628348529
2019-08-08,9.25,1633900.0,13.746609755323588,8.192390183641256,9.998219686428165,39.80430826689392,-1.2576481820737087,-1.1502235110218204,-0.10742467105188824,-2.09999942779541,-18.970185055897204,30.538465877838984,0.7855303120391113,1.1795405637082512,-10.48182603933355,0.2247310728733028,103.0999984741211,1884600.0,1,1,1,0,1,1,0,1,0,1,0,1,1,0,0,0,0,1,1,0,0,0,0,0,1,1,0,0,1,1,0,0,1,0,0,0,0,1,1,0,1,1,0,1,0,1,1,1,0,0,0,1,0,0,1,0,1,0,1,0,0,0,1,1,1,0,1,1,1,0,0,0,1,7.760000228881836,5.829999923706055,12.368688623886271
2019-08-09,7.760000228881836,20785500.0,13.977626334004487,7.220373620219147,9.701540211535645,42.11620309553593,-1.5025246317138077,-1.2206837351602178,-0.2818408965535899,-4.800000190734863,-45.155222380609715,20.332057571470408,0.9808496081622942,2.2826926088388806,-16.017550474121308,1.3340375488921992,104.22000122070312,2907200.0,1,1,1,0,1,1,0,0,0,1,0,1,1,0,1,0,0,1,1,0,0,0,0,0,1,1,0,0,1,1,0,0,0,0,0,0,0,1,1,0,1,1,0,1,0,1,1,1,0,1,0,1,0,0,1,0,1,0,0,0,0,0,1,1,0,0,1,1,1,0,0,1,0,5.679999828338623,5.679999828338623,12.336545517405472
2019-08-12,5.679999828338623,12857500.0,13.998835488563433,6.4421644484940614,9.350000381469727,44.32954544152493,-1.6892224316980258,-1.3143914744677794,-0.3748309572302464,-5.110000133514404,-47.35866683577667,19.988381049112544,0.9586460701716978,0.8356052745906852,-20.533409440103778,1.6419915437562074,105.25,2352300.0,1,1,1,0,1,1,0,0,0,1,0,1,1,0,1,0,0,1,1,1,0,0,0,0,1,1,0,1,1,1,0,0,0,0,0,1,0,0,1,0,0,1,0,1,1,1,1,1,0,1,0,1,0,0,1,0,1,0,0,0,0,1,1,0,0,0,1,1,1,0,0,1,0,5.690000057220459,5.670000076293945,12.336545517405472
2019-08-13,5.690000057220459,7784400.0,13.903816176129684,5.808183764742509,8.52000026702881,46.10578168251196,-1.817042939749646,-1.4149217675241528,-0.40212117222549315,-5.029999732971191,-47.009344136770096,19.964153927265414,0.9223142284524547,0.8912797978350243,-23.159216231358922,1.7060200356965032,104.7300033569336,1799500.0,1,1,1,0,1,1,0,0,0,1,0,1,1,0,1,0,0,1,1,0,0,0,0,0,1,0,0,1,1,1,0,0,0,0,0,1,0,1,1,0,1,1,0,1,0,1,1,1,0,1,0,1,0,0,1,0,1,0,0,0,0,0,1,1,0,0,1,1,1,0,0,0,1,5.400000095367432,5.690000057220459,12.336545517405472
2019-08-14,5.400000095367432,5210200.0,13.697758427573234,5.303241499947517,7.856000175476074,47.82628529378597,-1.8948847303173233,-1.5109143600827868,-0.3839703702345365,-5.440000057220459,-48.87690926581559,20.172555725648202,0.8857203440924301,0.8609635324971701,-24.72009629828256,1.302311907633427,103.83000183105469,1501100.0,1,1,1,0,1,1,0,1,0,1,0,1,1,0,0,1,0,1,1,1,1,0,0,0,1,1,0,0,1,1,0,0,1,0,0,1,1,1,1,0,1,1,0,1,1,1,1,1,0,1,0,1,0,0,1,0,1,0,1,0,0,0,1,1,0,0,1,1,1,0,0,1,0,5.510000228881836,5.340000152587891,12.336545517405472
2019-08-15,5.510000228881836,6031500.0,13.508650187776961,4.793349762631972,7.324800102233887,49.43395762893838,-1.9621979805012373,-1.6011710841664768,-0.3610268963347605,-5.210000038146973,-49.383885724688966,19.228939742511493,0.8545974828074204,0.8344775813286651,-26.28228559066953,0.16191348051958254,103.94999694824219,10952700.0,1,1,1,0,1,1,0,1,0,1,0,1,1,0,0,1,0,1,1,0,1,0,0,0,1,0,0,0,1,1,0,0,1,0,0,0,1,1,1,0,1,1,0,1,0,1,1,1,0,0,0,1,0,0,1,0,0,0,1,1,0,0,1,1,1,0,1,1,0,0,0,0,1,5.309999942779541,5.199999809265137,12.39134130975864
